id;name;phone;email;birthday;gender;subscription_allowed;internal_user_id
1;Massachusetts Investment Account France;"44528";"sL@[Bb";2020-11-02;MALE;false;4
2;hard drive;"738803";"SX=@x((-";2020-11-01;FEMALE;true;5
3;alarm;"91984";"Lx`3G)@g%I";2020-11-02;FEMALE;false;6
4;Branding Bedfordshire;"46510";"04)+@}tOHbh";2020-11-02;MALE;false;7
5;Texas withdrawal;"74291";"m^@vh";2020-11-02;FEMALE;false;8
6;encoding;"14684";"`4|w@z9_a";2020-11-01;MALE;true;9
7;index;"54";"^3vGl@z(bA1";2020-11-02;MALE;true;10
8;Palau auxiliary;"152";"w7@*";2020-11-02;FEMALE;false;11
9;Frozen;"7794";"kQo1@)gJ";2020-11-02;MALE;false;12
10;Buckinghamshire optimizing;"26";"h\;@w^(H";2020-11-01;MALE;false;13
